Question Number,English Content,Chinese Translation,wrong,reviewed,wrong_date,wrong_record,md5,mp3_path
1,The celebrated theory is still the source of great controversy.,这一著名的理论至今仍是巨大争议的根源。,0,1,[],[],c6c46a757fb788b5750aab4760d6d730,./wfd_mp3\c6c46a757fb788b5750aab4760d6d730.mp3
2,We can all meet at my office after the lecture.,讲座结束后我们可以在我的办公室见面。,0,1,[],[],ee035e7bfdf1cb79bd6b9a62f36a708b,./wfd_mp3\ee035e7bfdf1cb79bd6b9a62f36a708b.mp3
3,All dissertations must be accompanied by a submission form.,所有论文必须附上提交表格。,0,1,[],[],b950dc10629656cd728239281cf52cef,./wfd_mp3\b950dc10629656cd728239281cf52cef.mp3
4,"All industries are a system of inputs, processes, outputs and feedback.",所有行业都是一个输入、处理、输出和反馈的系统。,0,1,[],[],a338a4a9987b8c0a87dd30742f41adcb,./wfd_mp3\a338a4a9987b8c0a87dd30742f41adcb.mp3
5,Our view is that educational reforms have been inadequately implemented.,我们的看法是，教育改革执行得不够充分。,0,1,[],[],ecaff73448dd71738390348b7a1c1829,./wfd_mp3\ecaff73448dd71738390348b7a1c1829.mp3
6,Americans have typically defined the process of plant growth in quantitative terms.,美国人通常用定量术语来定义植物生长的过程。,0,1,[],[],11adf223417c7cd3b66ad554bcc28d83,./wfd_mp3\11adf223417c7cd3b66ad554bcc28d83.mp3
7,Animals raised in captivity behave differently than their wild counterparts.,圈养的动物和野生的动物行为不同。,1,1,['2024-08-19'],['Animals raised in capativity behave differently than their wild counterparts'],9def64faefe0241e64f4817543bccb16,./wfd_mp3\9def64faefe0241e64f4817543bccb16.mp3
8,Medical researchers have focused on causes of diseases and treatments.,医学研究人员一直致力于研究疾病的病因和治疗方法。,0,1,[],[],4307a081f2559ed1a79728bcd3f3fe65,./wfd_mp3\4307a081f2559ed1a79728bcd3f3fe65.mp3
9,Native speakers are exempt from the language tests in their own language.,母语者不用参加自己语言的测试。,1,1,['2024-08-19'],['native speakers are exempt from language tests of their own languages language exampt exam'],f223d5a69a32940baf51fb268c75685d,./wfd_mp3\f223d5a69a32940baf51fb268c75685d.mp3
10,Nurses can specialize in clinical work or management.,护士可以专攻临床工作或管理。,1,1,['2024-08-19'],['nurses can specialize on clinic work or management clinical specialise'],138ea90c67d22ef994ed701aabb06f53,./wfd_mp3\138ea90c67d22ef994ed701aabb06f53.mp3
11,Organizational failure is considered from various perspectives in academic literature.,在学术文献中，人们从不同的角度来思考组织层面的失败。,0,1,[],[],3809703786d39bb7bc03f484b5927d97,./wfd_mp3\3809703786d39bb7bc03f484b5927d97.mp3
12,Peer group pressure has a significant effect on young people.,同辈群体压力对年轻人有很大的影响。,0,1,[],[],4d6dcf38503c70bdf54d2731e33ac527,./wfd_mp3\4d6dcf38503c70bdf54d2731e33ac527.mp3
13,Please note that the submission deadlines are only negotiable in exceptional circumstances.,请注意，提交截止日期只有在特殊情况下才能协商。,1,1,['2024-08-19'],['please note that the submission deadline are only negotiable in under an exceptional circumstances'],e5ae75f0378c2d81fa1a3b64db243dca,./wfd_mp3\e5ae75f0378c2d81fa1a3b64db243dca.mp3
14,The speaker began by giving an outline of her presentation.,演讲者先给出了她今天讲座的大纲。,1,1,['2024-08-19'],['the speaker begin by given an outlint of the presentation began the outline'],cbaf5565007387cda4fed5fbd87652cc,./wfd_mp3\cbaf5565007387cda4fed5fbd87652cc.mp3
15,She has made a significant contribution to the field of chemistry.,她在化学领域做出了重大贡献。,0,1,[],[],abfeb471b1e66709b9118caca47eb2d0,./wfd_mp3\abfeb471b1e66709b9118caca47eb2d0.mp3
16,Many departments have their own special book collections.,许多部门都有自己的特殊藏书。,0,1,[],[],041e9569ee856925c6bc71e633c60049,./wfd_mp3\041e9569ee856925c6bc71e633c60049.mp3
17,A bar chart provides a useful means of data comparison.,柱状图提供了一种很有用的数据比较方法。,1,1,['2024-08-19'],['a barchart provides a useful means of data comparison'],3a49993059e45120f76d970efcb5df20,./wfd_mp3\3a49993059e45120f76d970efcb5df20.mp3
18,The rising inflation rate indicates a decrease in demand for consumer products.,通货膨胀率的上升表明对消费品的需求下降。,1,1,['2024-08-19'],['the rising inflation rate indicate the decrease in demands of for consumer products consuming indicates decreasing'],14250a7edaa4a5a33c5890c1d1028f22,./wfd_mp3\14250a7edaa4a5a33c5890c1d1028f22.mp3
19,The garden behind the university is open to the public in summer.,大学后面的花园在夏天对公众开放。,1,1,['2024-08-19'],['the garden behind the university is opened to the public in on summer'],19263465556ea37be2e7f9fb777d477b,./wfd_mp3\19263465556ea37be2e7f9fb777d477b.mp3
20,The results of the study underscored the importance of early detection.,研究的结果强调了早期发现的重要性。,1,1,['2024-08-19'],['the result of the study underscores the importance of early detection'],4e6027f0215ca0dc6368e921ef9d9a99,./wfd_mp3\4e6027f0215ca0dc6368e921ef9d9a99.mp3
21,The summer course is canceled due to insufficient enrollment.,由于报名人数不足，夏季课程取消了。,1,1,['2024-08-19'],['The summer course is cancelled due to the insufficient enrolment enrollment'],3587e185795610ffa9ff60ada877f77e,./wfd_mp3\3587e185795610ffa9ff60ada877f77e.mp3
22,The new technician dropped the microscope in the biology lab.,那个新来的技术员在生物实验室里把显微镜摔了。,0,1,[],[],ee74fd14ef5c00bcad03a1db5a48c35c,./wfd_mp3\ee74fd14ef5c00bcad03a1db5a48c35c.mp3
23,The visiting speaker used to be a lecturer in this department.,来访的演讲人曾是这个系的讲师。,0,1,[],[],47b71d1a029ce276929a953eda991e20,./wfd_mp3\47b71d1a029ce276929a953eda991e20.mp3
24,There is clearly a need for further research in this field.,这一领域显然有进一步研究的必要。,0,1,[],[],c981a3527adf408bc3324104d03510b1,./wfd_mp3\c981a3527adf408bc3324104d03510b1.mp3
25,Traveling by boat on the river is not possible in winter.,冬天坐船旅行是不可能的。,0,1,[],[],8ec8f655f06e252b61da16c9a9c6c2ed,./wfd_mp3\8ec8f655f06e252b61da16c9a9c6c2ed.mp3
26,We can work together to achieve high educational standards.,我们可以共同努力实现高教育标准。,1,1,['2024-08-19'],['we can work together to achieve higher educational standards standard'],96a4ff10b45b96f4a47d392a2179498a,./wfd_mp3\96a4ff10b45b96f4a47d392a2179498a.mp3
27,Parents’ talk to children tends to be simplified.,父母对孩子的谈话往往被简化。,1,1,['2024-08-19'],"[""parents' talk to children tends tend to be simplified parent's parents""]",f116c5dc373a84cfed90ac3a6751a573,./wfd_mp3\f116c5dc373a84cfed90ac3a6751a573.mp3
28,Find out how to get resources before your research.,在你研究之前了解获得资料的方法。,0,1,[],[],afebd9417ac95d14aee3ff51cb29e990,./wfd_mp3\afebd9417ac95d14aee3ff51cb29e990.mp3
29,"Global connections thrived in academic communities, thanks to social media.",多亏了社交媒体，学术界的全球联系蓬勃发展。,0,1,[],[],801b835e95811e6a68f934b7b89bc5a6,./wfd_mp3\801b835e95811e6a68f934b7b89bc5a6.mp3
30,The theater study course encourages students to exercise creativity.,戏剧学习课程鼓励学生锻炼创造力。,0,1,[],[],e4ff331f11bdf2ced4d6f552506f0881,./wfd_mp3\e4ff331f11bdf2ced4d6f552506f0881.mp3
31,There are opportunities to receive grants in most artistic fields.,大多数艺术领域都有获得资助的机会。,1,1,['2024-08-19'],['there are opportunities to receive grants in most artistic field'],3e53ae175ed3f8439cf09c57c169b3c5,./wfd_mp3\3e53ae175ed3f8439cf09c57c169b3c5.mp3
32,Every student has both the right and the ability to succeed.,每个学生都有成功的权利和能力。,1,1,['2024-08-19'],['all students have the both right and ability to get succeed'],a9579cc0e69a4924d59a9acff7e34769,./wfd_mp3\a9579cc0e69a4924d59a9acff7e34769.mp3
33,Collaboration between departments is a feature of successful companies.,部门间的协作是成功公司的一个特点。,0,1,[],[],c0f98ea2662d01e0054fdcd87cdfd2b0,./wfd_mp3\c0f98ea2662d01e0054fdcd87cdfd2b0.mp3
34,Making mistakes is fine as long as you learn from them.,只要你能从错误中吸取教训，犯错误没什么大不了的。,1,1,['2024-08-19'],['making mistakes is fine as long as you learned from them'],6222ce110151ebe53fcdb3c25fc932fc,./wfd_mp3\6222ce110151ebe53fcdb3c25fc932fc.mp3
35,"Some people are motivated by competition, while others prefer to collaborate.",有些人的动力是竞争，而另一些人更喜欢合作。,0,1,[],[],02e6625178a42e9c48b0082cd6407346,./wfd_mp3\02e6625178a42e9c48b0082cd6407346.mp3
36,The ability to work with fellow students cannot be stressed enough.,与同学一起工作的能力是再怎么强调也不为过的。,0,0,[],[],381782ee66ee69ee2f7c6d702ffb61cf,./wfd_mp3\381782ee66ee69ee2f7c6d702ffb61cf.mp3
37,The plight of local wildlife has been ignored by developers.,当地野生动物的困境一直被开发商忽视。,0,0,[],[],0b3df6998a12e177e4dcaa7836cfa7fc,./wfd_mp3\0b3df6998a12e177e4dcaa7836cfa7fc.mp3
38,The site is designed to be highly interactive.,这个网站被设计成高度交互式的。,0,0,[],[],dded0cc39531c16bae2b2035df32f857,./wfd_mp3\dded0cc39531c16bae2b2035df32f857.mp3
39,You should submit your term papers to the general office.,你应该把你的学期论文交到办公室。,0,0,[],[],d8ad9b6f71692106a0415198465b0e2e,./wfd_mp3\d8ad9b6f71692106a0415198465b0e2e.mp3
40,Key business partners are often intertwined in expense accounts.,主要业务伙伴经常在费用账目上纠缠不清。,0,0,[],[],f64363ff5eefdcaa45479fa3ce5d89c4,./wfd_mp3\f64363ff5eefdcaa45479fa3ce5d89c4.mp3
41,"Sugar is a compound including carbon, oxygen, and hydrogen atoms.",糖是一种包括碳、氧和氢原子的化合物。,0,0,[],[],2db5a9a9d3db240b2e3f5d810aeef390,./wfd_mp3\2db5a9a9d3db240b2e3f5d810aeef390.mp3
42,Many vocational courses at institutions are funded by private enterprises.,一些机构的职业课程是由私营企业资助的。,0,0,[],[],b2efcce93595fd74372050afc557ce4c,./wfd_mp3\b2efcce93595fd74372050afc557ce4c.mp3
43,Distance learning allows you to develop a career around your commitments.,远程学习使您能够在兼顾你现有责任的同时发展职业。,0,0,[],[],60f42589e7800f0cb18ef758189417ab,./wfd_mp3\60f42589e7800f0cb18ef758189417ab.mp3
44,Growing population has posed a challenge to many governments.,不断增长的人口对许多政府构成了挑战。,0,0,[],[],4a9881a3b4f0c3c0547bdb5b66bae323,./wfd_mp3\4a9881a3b4f0c3c0547bdb5b66bae323.mp3
45,It takes a long time to walk to university.,步行到大学要花很长时间。,0,0,[],[],afb7b4d2c76655483f5ffafed64b6aa0,./wfd_mp3\afb7b4d2c76655483f5ffafed64b6aa0.mp3
46,Many food crops require large amounts of water and fertilizer.,许多粮食作物需要大量的水和肥料。,0,0,[],[],599c8bcdfc01469e637cee5a05714890,./wfd_mp3\599c8bcdfc01469e637cee5a05714890.mp3
47,Classical mechanics is sometimes considered as a branch of applied mathematics.,经典力学有时候被认为是应用数学的一个分支。,0,0,[],[],ed2ddee77c9fbbaaed052df47a46d428,./wfd_mp3\ed2ddee77c9fbbaaed052df47a46d428.mp3
48,Undergraduates may pursue their specific interests within certificate programs.,本科生可以在认证课程中追求自己的爱好。,0,0,[],[],b54e91dbe054a563f825affa00dbe2f5,./wfd_mp3\b54e91dbe054a563f825affa00dbe2f5.mp3
49,Summer school programs allow some students to accelerate their studies.,暑期课程允许一些学生加快他们的学习进度。,0,0,[],[],2ee4a71feae5cc7f2d96a20fef59c952,./wfd_mp3\2ee4a71feae5cc7f2d96a20fef59c952.mp3
50,Peer review is an essential part of scientific methods.,同行评议是科研方法的重要组成部分。,0,0,[],[],eb20ec128382c32614e6b0eac96b197e,./wfd_mp3\eb20ec128382c32614e6b0eac96b197e.mp3
51,Advanced technology created growth in the economy.,先进科技创造了经济增长。,0,0,[],[],d414efc2cee4be07c8c420a28dbbcee2,./wfd_mp3\d414efc2cee4be07c8c420a28dbbcee2.mp3
52,This course places considerable emphasis on critical thinking skills.,本课程相当重视批判性思维技能。,0,0,[],[],bafc0e73787d989deb9fa0065423cebe,./wfd_mp3\bafc0e73787d989deb9fa0065423cebe.mp3
53,A typical part of the course involves the study of society.,这门课程的一个典型部分包括了社会研究。,0,0,[],[],5caeae3162afec551fed843277c16608,./wfd_mp3\5caeae3162afec551fed843277c16608.mp3
54,Scientists have founded all parts of society today.,科学家们建立了当今社会的各个部分。,0,0,[],[],483ad35be82587f442843f7df036d50d,./wfd_mp3\483ad35be82587f442843f7df036d50d.mp3
55,Physics is the key subject to understanding the world and the universe.,物理学是理解世界和宇宙的关键学科。,0,0,[],[],7a116fbf4af99a02e2298009ba215a0f,./wfd_mp3\7a116fbf4af99a02e2298009ba215a0f.mp3
56,This new camera can identify your eyes and focus on them.,这个新相机可以识别你的眼睛并对其进行聚焦。,0,0,[],[],181bea0a9c816963747763980103fc07,./wfd_mp3\181bea0a9c816963747763980103fc07.mp3
57,An architect is required to have problem-solving skills and an eye for design.,建筑师需要有解决问题的能力和设计的眼光。,0,0,[],[],3b7992b5a30169549d5aaf0ca7e27462,./wfd_mp3\3b7992b5a30169549d5aaf0ca7e27462.mp3
58,"In his lifetime, he composed a large number of works.",他一生创作了大量的作品。,0,0,[],[],494e0b05f74ec4d251f91627a1ecb767,./wfd_mp3\494e0b05f74ec4d251f91627a1ecb767.mp3
59,"In addition to class requirements, students must pass all the qualifying examinations.",除了课堂要求之外，学生还必须通过所有资格考试。,0,0,[],[],395f60e1cf9c5cc0a30299558348783e,./wfd_mp3\395f60e1cf9c5cc0a30299558348783e.mp3
60,We encourage students to complete their applications before the deadline.,我们鼓励学生在截止日期前完成申请。,0,0,[],[],b473ad253c79dc55ce4b38a47eb5e9d7,./wfd_mp3\b473ad253c79dc55ce4b38a47eb5e9d7.mp3
61,She began by giving an outline of the previous lecture.,她首先针对上一讲的内容进行了概述。,0,0,[],[],9812bf758b077b5f45e413cfb175e065,./wfd_mp3\9812bf758b077b5f45e413cfb175e065.mp3
62,Social psychology is concerned with the understanding of human behaviors.,社会心理学关注的是对人类行为的理解。,0,0,[],[],3c201b12bf070441a3a10324fc2db3c4,./wfd_mp3\3c201b12bf070441a3a10324fc2db3c4.mp3
63,This is the first example of a modern and professional army.,这是现代化和职业化军队的第一个例子。,0,0,[],[],1a1acb741e02f8b419098cca2d77512c,./wfd_mp3\1a1acb741e02f8b419098cca2d77512c.mp3
64,The department is doing some crucial work on climate change.,该部门正在做一些关于气候变化的重要工作。,0,0,[],[],e05a047fadd89932bf9722129fbbbef4,./wfd_mp3\e05a047fadd89932bf9722129fbbbef4.mp3
65,The biology department is respected for research activities.,生物系以研究活动著称。,0,0,[],[],8a57fa246c2fc0662a3ec19bd8bcd218,./wfd_mp3\8a57fa246c2fc0662a3ec19bd8bcd218.mp3
66,Tutorials are scheduled in the final week of the term.,辅导课安排在学期的最后一周。,0,0,[],[],a4bf576184c7d0cd60cabbb81f108c18,./wfd_mp3\a4bf576184c7d0cd60cabbb81f108c18.mp3
67,Economic development needs to be supported by the government.,经济发展需要政府的支持。,0,0,[],[],ef71e3fc102d7b5b327f3b07175e52ca,./wfd_mp3\ef71e3fc102d7b5b327f3b07175e52ca.mp3
68,The toughest part of postgraduate education is funding.,研究生教育最困难的部分是资金。,0,0,[],[],b8b3f5c423e9bffe52db0e81447f43ff,./wfd_mp3\b8b3f5c423e9bffe52db0e81447f43ff.mp3
69,"Although sustainable development is not easy, it is an unavoidable responsibility.",可持续发展虽然不容易，但是一项不可推卸的责任。,0,0,[],[],ecb811d84fe90cd3c34a83959a4c6846,./wfd_mp3\ecb811d84fe90cd3c34a83959a4c6846.mp3
70,An introduction is an essential element of a presentation.,简介是演讲的基本要素。,0,0,[],[],1f4e83b19af234ae04bea30150f3ed0f,./wfd_mp3\1f4e83b19af234ae04bea30150f3ed0f.mp3
71,Students will develop confidence in their ability to think critically.,学生将建立对批判性思考能力的信心。,0,0,[],[],a88d53fad0a262404d3df01925415496,./wfd_mp3\a88d53fad0a262404d3df01925415496.mp3
72,Consumer confidence has a direct influence on sales.,消费者信心对销售有直接影响。,0,0,[],[],d5ded37b2ad08e80fe4e41a1e9d37459,./wfd_mp3\d5ded37b2ad08e80fe4e41a1e9d37459.mp3
73,Convincing evidence to support this theory is hard to obtain.,支持这一理论的令人信服的证据很难获得。,0,0,[],[],63b1ba1ce38821a2c7c33cbab821066f,./wfd_mp3\63b1ba1ce38821a2c7c33cbab821066f.mp3
74,"Despite the protest, the chemistry department was closed down.",尽管有抗议，化学系还是被关闭了。,0,0,[],[],0e3c92833408fa194d5d17182b7985a3,./wfd_mp3\0e3c92833408fa194d5d17182b7985a3.mp3
75,"Despite their differences, all forms of life share certain characteristics.",尽管存在差异，但所有形式的生命都有某些共同的特征。,0,0,[],[],b084817a52758d9219efd4c5d1db3a57,./wfd_mp3\b084817a52758d9219efd4c5d1db3a57.mp3
76,Economic problems caused a big rise in unemployment.,经济问题导致失业人数大幅增加。,0,0,[],[],4e98498cdc3d373e6b695f4b1fec20ee,./wfd_mp3\4e98498cdc3d373e6b695f4b1fec20ee.mp3
77,The academic strength of the early Roman Republic will be examined.,我们将考察早期罗马共和国的学术实力。,0,0,[],[],43bbcf3ec8741b5683f3b338dd2f45ca,./wfd_mp3\43bbcf3ec8741b5683f3b338dd2f45ca.mp3
78,Many experts think that the world climate is constantly changing.,许多专家认为世界气候在不断变化。,0,0,[],[],94d682c31a73def9836235069dd30c1a,./wfd_mp3\94d682c31a73def9836235069dd30c1a.mp3
79,Students are permitted to park at campus parking spaces.,学生可以在校园停车场停车。,0,0,[],[],0e14cf2a9657fcdf3a9327a3e8655587,./wfd_mp3\0e14cf2a9657fcdf3a9327a3e8655587.mp3
80,It is really a comprehensive program covering both theory and practice.,这确实是一个包括理论和实践的综合项目。,0,0,[],[],f80a9c30d5b83e718bc53a305b325e1b,./wfd_mp3\f80a9c30d5b83e718bc53a305b325e1b.mp3
81,We are researching the most significant challenges that are faced in our society today.,我们正在研究当今社会所面临的最重大的挑战。,0,0,[],[],375125a29b7b75a3deec63c65dec1bd4,./wfd_mp3\375125a29b7b75a3deec63c65dec1bd4.mp3
82,Our professor is hosting the business development conference.,我们的教授正在主持商业发展会议。,0,0,[],[],ae30dd0da17ac45144d0d1b87a0d7557,./wfd_mp3\ae30dd0da17ac45144d0d1b87a0d7557.mp3
83,She used to be the editor of the student newspaper.,她曾是校报的编辑。,0,0,[],[],25fdb48ff91aba7fcc9792953fa4158c,./wfd_mp3\25fdb48ff91aba7fcc9792953fa4158c.mp3
84,Statistical results should be expressed in different ways depending on the circumstances.,统计结果应根据情况以不同的方式表示。,0,0,[],[],4e451654fb83b65468eda734a499f331,./wfd_mp3\4e451654fb83b65468eda734a499f331.mp3
85,You are advised to use multiple research methods for this project.,建议你们在这个项目中使用多种研究方法。,0,0,[],[],dc7d6cc7c2cfe1762da7f40912916edf,./wfd_mp3\dc7d6cc7c2cfe1762da7f40912916edf.mp3
86,Students requiring an extension should apply sooner rather than later.,要求延期的学生应尽早申请，不宜推迟。,0,0,[],[],73994229878c482f8fdc57ec48c36088,./wfd_mp3\73994229878c482f8fdc57ec48c36088.mp3
87,Textile manufacturing plays a large role in improving economies.,纺织业在改善经济方面起着很大的作用。,0,0,[],[],53ef2708b9be93442614b6c20d816faf,./wfd_mp3\53ef2708b9be93442614b6c20d816faf.mp3
88,Food that contains antibiotics provides few or no nutritional value.,含有抗生素的食物几乎没有营养价值。,0,0,[],[],896599341eb6caaa5df113bea1463b1d,./wfd_mp3\896599341eb6caaa5df113bea1463b1d.mp3
89,The archaeologist's new discoveries stand out in previously overlooked foundations.,这位考古学家的新发现在以前被忽视的基础上更引人注目。,0,0,[],[],361621e622e1620540a93b15cf99612f,./wfd_mp3\361621e622e1620540a93b15cf99612f.mp3
90,New developments in technology are influencing current research.,技术的新发展正在影响当前的研究。,0,0,[],[],2e98ba8e6a897d6bbeca36cf25faabf8,./wfd_mp3\2e98ba8e6a897d6bbeca36cf25faabf8.mp3
91,Most known oil reserves will only last for half a century.,大多数已知的石油储量只能维持半个世纪。,0,0,[],[],ba1a005e45ef23a0d2a66b58d50a26b6,./wfd_mp3\ba1a005e45ef23a0d2a66b58d50a26b6.mp3
92,The designers will complete the plan later today.,设计师们将在今天晚些时候完成这个设计图。,0,0,[],[],8acba1a356bd3f80dffade8c5fbc3dc2,./wfd_mp3\8acba1a356bd3f80dffade8c5fbc3dc2.mp3
93,The essay will be published once the research is finished.,一旦研究完成，这篇文章就会发表。,0,0,[],[],b43720cb3697b317b74bfca49650a9e1,./wfd_mp3\b43720cb3697b317b74bfca49650a9e1.mp3
94,"The faculty staff are very approachable, friendly and extremely helpful.",教职工都很平易近人，友好，而且非常乐于助人。,0,0,[],[],b7e23525a0743904e6a9cc137eecc031,./wfd_mp3\b7e23525a0743904e6a9cc137eecc031.mp3
95,The railway makes long-distance travel possible for everyone.,铁路使每个人都能进行长途旅行。,0,0,[],[],60aa1b2d3cb7e7d3bf4308ac1ce8e1fd,./wfd_mp3\60aa1b2d3cb7e7d3bf4308ac1ce8e1fd.mp3
96,The theme of the instrumental work exhibits more of a demure compositional style.,这首乐器演奏的主题表现出了极为庄重的创作风格。,0,0,[],[],c62830863dce6fb0ab6ab3ec5906d772,./wfd_mp3\c62830863dce6fb0ab6ab3ec5906d772.mp3
97,The ways in which people communicate are constantly changing.,人们交流的方式在不断变化。,0,0,[],[],06fc66b946af40d3dc268c282a8ea1a2,./wfd_mp3\06fc66b946af40d3dc268c282a8ea1a2.mp3
98,There is a clear need for further research in this field.,在这个领域明显需要进一步研究。,0,0,[],[],225eb9abac5c25c747c5730118e4b020,./wfd_mp3\225eb9abac5c25c747c5730118e4b020.mp3
99,Our laboratory equipment is provided free of charge.,我们的实验设备是免费的。,0,0,[],[],57db19d59e0bcc8d530131529e99f638,./wfd_mp3\57db19d59e0bcc8d530131529e99f638.mp3
100,It would be extremely beneficial to work together.,一起工作是非常有益的。,0,0,[],[],b914eebc513a88765dc775f3cc8521fb,./wfd_mp3\b914eebc513a88765dc775f3cc8521fb.mp3
101,This project is divided into four main sections.,本项目分为四个主要部分。,0,0,[],[],2256a8256e75365d0d8a966f73660499,./wfd_mp3\2256a8256e75365d0d8a966f73660499.mp3
102,Understanding how to use the library will save your time.,了解如何使用图书馆会节省你的时间。,0,0,[],[],eab4682df2a477ad2445e1d81edb4869,./wfd_mp3\eab4682df2a477ad2445e1d81edb4869.mp3
103,The essay is easy to write once the research is completed.,一旦研究完成，这篇文章很容易写了。,0,0,[],[],5bd15bfd9f171ca43c6bb1d63c986505,./wfd_mp3\5bd15bfd9f171ca43c6bb1d63c986505.mp3
104,Those who are considering a career in marketing should attend the talk.,那些正在考虑从事市场营销的人应该参加这次演讲。,0,0,[],[],698c9d01f546539b18fc3b360ee10d27,./wfd_mp3\698c9d01f546539b18fc3b360ee10d27.mp3
105,The university has invested in new technologies designed to support learning.,大学已投资于新技术，旨在支持学习。,0,0,[],[],144a86dfa8d1209f798831b059532748,./wfd_mp3\144a86dfa8d1209f798831b059532748.mp3
106,A good research assistant is not afraid to ask questions.,一个好的研究助手不怕问问题。,0,0,[],[],5583b9445f3a4cfb86b51a271d6a089d,./wfd_mp3\5583b9445f3a4cfb86b51a271d6a089d.mp3
107,Experts are now able to forecast weather over a much longer period.,专家们现在能够预测更长期的天气。,0,0,[],[],fd09bd53909157e7e9a7c4dfd46a1a4f,./wfd_mp3\fd09bd53909157e7e9a7c4dfd46a1a4f.mp3
108,Archaeologists discovered tools and other artifacts near the ancient tomb.,考古学家在古墓附近发现了工具和其他手工艺品。,0,0,[],[],43538a88532c6a7d32470f405c028210,./wfd_mp3\43538a88532c6a7d32470f405c028210.mp3
109,We have a lecture in the morning on Thursday.,我们星期四上午有一节课。,0,0,[],[],461d2b26e9313d943022e1296b005b72,./wfd_mp3\461d2b26e9313d943022e1296b005b72.mp3
110,Thousands of people turned out ahead of the prestigious election.,在这次著名的选举之前，成千上万的人参加了投票。,0,0,[],[],682195c0979c6bb733d4a075feb62296,./wfd_mp3\682195c0979c6bb733d4a075feb62296.mp3
111,A professor took one year off to work on her book.,一位教授休了一年的假，专注于撰写她的书籍。,0,0,[],[],bae193838cd0ebbd026f7ef4ab2f4580,./wfd_mp3\bae193838cd0ebbd026f7ef4ab2f4580.mp3
112,The lecture tomorrow will discuss the educational policy of the United States.,明天的讲座将讨论美国的教育政策。,0,0,[],[],4feaf2a13c8fcfca170425a97725e447,./wfd_mp3\4feaf2a13c8fcfca170425a97725e447.mp3
113,The history lecture has been moved to the lecture theater.,历史课已经被改到大讲堂进行了。,0,0,[],[],f23ab904c472aa879f7a09594b94fe0d,./wfd_mp3\f23ab904c472aa879f7a09594b94fe0d.mp3
114,Biology involves the study of life at all levels.,生物学涉及对生命各个层次的研究。,0,0,[],[],ee76289300423afc56214ccae8a4724e,./wfd_mp3\ee76289300423afc56214ccae8a4724e.mp3
115,Food has become a political issue in the world.,食品已经成为世界上的一个政治问题。,0,0,[],[],e3467a1afb1d4ac03902381ef2bebe63,./wfd_mp3\e3467a1afb1d4ac03902381ef2bebe63.mp3
116,All medical students must clean their hands before entering the room.,所有医科学生在进入房间前必须洗手。,0,0,[],[],474b2012c976aa900f1c7e151249ef40,./wfd_mp3\474b2012c976aa900f1c7e151249ef40.mp3
117,Implementation figures are expected to be improved in the next few years.,执行数据预计在今后几年内会有所改善。,0,0,[],[],a7784c72128b349a2f3a338dbcd3bebf,./wfd_mp3\a7784c72128b349a2f3a338dbcd3bebf.mp3
118,Your statistical information depends on your raw data.,你的统计信息取决于你的原始数据。,0,0,[],[],9ae366d614e36b44aed22d853de48b5e,./wfd_mp3\9ae366d614e36b44aed22d853de48b5e.mp3
119,Certain organisms can reproduce using just one parent.,某些生物体可以只用一个亲本进行繁殖。,0,0,[],[],9eb3515e3ff2e2604c55f35f40c603fd,./wfd_mp3\9eb3515e3ff2e2604c55f35f40c603fd.mp3
120,Protective clothing must always be worn in the laboratory.,在实验室里必须一直穿着防护服。,0,0,[],[],4507e7979eee166fd4862eeacf203c9c,./wfd_mp3\4507e7979eee166fd4862eeacf203c9c.mp3
121,Sound waves are unable to travel through vacuum.,声波不能在真空中传播。,0,0,[],[],3a4f011eca7b56b5e6c59071cc6ce3f3,./wfd_mp3\3a4f011eca7b56b5e6c59071cc6ce3f3.mp3
122,Make sure you choose a course that provides great career opportunities.,确保你选择的课程能提供很好的就业机会。,0,0,[],[],f271c3f347a8c49b3718c0c45f3606f5,./wfd_mp3\f271c3f347a8c49b3718c0c45f3606f5.mp3
123,Undergraduates have a wide range of cultural modules to choose from.,本科生有广泛的文化课可供选择。,0,0,[],[],6b6321c307eb18190525c3a823ec41b5,./wfd_mp3\6b6321c307eb18190525c3a823ec41b5.mp3
124,Social media is criticized for causing internet addiction.,人们批评社交媒体会导致网瘾。,0,0,[],[],1544cb3b9c01e4e74d224d517b3997d3,./wfd_mp3\1544cb3b9c01e4e74d224d517b3997d3.mp3
125,The researchers are disappointed that the results of the research have been proved to be inconclusive.,研究人员感到失望的是，研究结果已被证明是不确定的。,0,0,[],[],5deca4e7bb0602be7226ec34f53cbf46,./wfd_mp3\5deca4e7bb0602be7226ec34f53cbf46.mp3
126,International exchange formed the important part of our study program.,国际交流是我们学习计划的重要组成部分。,0,0,[],[],987b084e209dfec986b9a8acdbf0fd7d,./wfd_mp3\987b084e209dfec986b9a8acdbf0fd7d.mp3
127,Consumer confidence tends to increase as the economy expands.,随着经济繁荣，消费者信心往往会增强。,0,0,[],[],6989f15bdfb236e3bfa7dfcc17aa2a96,./wfd_mp3\6989f15bdfb236e3bfa7dfcc17aa2a96.mp3
128,Food containing ample calories provides little or no nutritional value.,含有过多热量的食物几乎没有提供营养价值。,0,0,[],[],efc44a29241c580ebce4c9803d2c6226,./wfd_mp3\efc44a29241c580ebce4c9803d2c6226.mp3
129,Make sure you’ve saved all files before turning off the computer.,关闭电脑之前，请确保保存了所有文件。,0,0,[],[],a2ee4b2afbe88091832b29369262cc9d,./wfd_mp3\a2ee4b2afbe88091832b29369262cc9d.mp3
130,This book can be borrowed for a maximum of one week.,这本书最长可以借一周。,0,0,[],[],dc664681704debd1e563e8ae3bb84a0d,./wfd_mp3\dc664681704debd1e563e8ae3bb84a0d.mp3
131,This essay will argue that technology does more good than harm.,这篇文章将论证技术带来的好处多于坏处。,0,0,[],[],e64e1405f85deae16a7c161d35120ef4,./wfd_mp3\e64e1405f85deae16a7c161d35120ef4.mp3
132,The history department is very active in research.,历史系在研究方面非常活跃。,0,0,[],[],a7c1b87d922a826bdf09701ad6895896,./wfd_mp3\a7c1b87d922a826bdf09701ad6895896.mp3
133,Graphs and charts allowed data to be more easily understood.,图表使数据更容易被理解。,0,0,[],[],dfbeee87aff7b1c2415de4bc67fa8451,./wfd_mp3\dfbeee87aff7b1c2415de4bc67fa8451.mp3
134,The coffee machine located on the third floor is not working today.,位于三楼的咖啡机今天不工作。,0,0,[],[],45e51617b0261c8708b04f4ac2ac9ce1,./wfd_mp3\45e51617b0261c8708b04f4ac2ac9ce1.mp3
135,Muscle cells bring parts of the body closer together.,肌肉细胞使身体的各部分更加靠近。,0,0,[],[],5a6ae373bcdf3214b2db3274c7aab90b,./wfd_mp3\5a6ae373bcdf3214b2db3274c7aab90b.mp3
136,You will learn how to rationally assess your arguments.,你将学会如何理性地评估你的论据。,0,0,[],[],95dd7d30a89dd99fb206cdfd41c22e7d,./wfd_mp3\95dd7d30a89dd99fb206cdfd41c22e7d.mp3
137,Slides and handouts can be downloaded after lectures.,课后可以下载幻灯片和讲义。,0,0,[],[],d4eead75dc36dbe7d7d526f594350856,./wfd_mp3\d4eead75dc36dbe7d7d526f594350856.mp3
138,Business practices must obey contemporary general regulations.,商业行为必须遵守当代的一般规定。,0,0,[],[],b54beedfbdc070a440dfc292f08c7dd3,./wfd_mp3\b54beedfbdc070a440dfc292f08c7dd3.mp3
139,The news will not be received until the following week.,消息要到下一周才会收到。,0,0,[],[],75bf859b636303e016d66141ff1e0d74,./wfd_mp3\75bf859b636303e016d66141ff1e0d74.mp3
140,We can see the stars that were formed thirteen billion years ago.,我们可以看到一百三十亿年前形成的恒星。,0,0,[],[],de40f840b7b3ca1f19d921132f5ba206,./wfd_mp3\de40f840b7b3ca1f19d921132f5ba206.mp3
141,"As student union members, you can influence and change our university.",作为学生会的成员，你可以影响并改变我们的大学。,0,0,[],[],34fc84484e902ebf0eaa6a12ca4379b1,./wfd_mp3\34fc84484e902ebf0eaa6a12ca4379b1.mp3
142,The horizontal line on the graph indicates that there was no change in the period.,图表上的水平线表示这一时期没有变化。,0,0,[],[],489f42b6150e998d9c6607c6602cc0d9,./wfd_mp3\489f42b6150e998d9c6607c6602cc0d9.mp3
143,Purity is one feature that makes gold expensive.,纯度是使黄金昂贵的一个特质。,0,0,[],[],1a46cb830d6b58007cba6cc107d9809a,./wfd_mp3\1a46cb830d6b58007cba6cc107d9809a.mp3
144,Even simple techniques need to be practiced to become better.,即使是简单的技巧也需要练习才能变得更好。,0,0,[],[],3392d61cd2f1592a04cf76818a361ea4,./wfd_mp3\3392d61cd2f1592a04cf76818a361ea4.mp3
145,Studying history can help you better understand the present.,学习历史可以帮助你更好地理解现在。,0,0,[],[],1300a67489e301d5215baf621abf0298,./wfd_mp3\1300a67489e301d5215baf621abf0298.mp3
146,The course covers architecture planning and construction on the international scale.,课程涵盖了国际范围内的建筑规划与建造。,0,0,[],[],06aaf208efce32c01ec7758fee8012ae,./wfd_mp3\06aaf208efce32c01ec7758fee8012ae.mp3
147,Studying medicine allows for a wide range of career opportunities.,学习医学提供了广泛的职业机会。,0,0,[],[],91bd6d8193983d7d254e322c6fd89f6a,./wfd_mp3\91bd6d8193983d7d254e322c6fd89f6a.mp3
148,The deadline for the marketing assignment has been extended.,市场营销作业的截止时间被延后了。,0,0,[],[],e7de383fb87705f7a58c4afdafb9581f,./wfd_mp3\e7de383fb87705f7a58c4afdafb9581f.mp3
149,This course aims to develop your knowledge of statistics.,这门课程旨在发展你的统计学知识。,0,0,[],[],94aeef6ba5a955bd7e24b8afcc84aa1e,./wfd_mp3\94aeef6ba5a955bd7e24b8afcc84aa1e.mp3
150,Professors with higher educational standards trained them extremely seriously.,具有较高教育水平的教授极其认真地训练他们。,0,0,[],[],eb0130045b56388cee4bfcf9a65461ef,./wfd_mp3\eb0130045b56388cee4bfcf9a65461ef.mp3
151,The capacity of programming computers is expanding enormously every year.,编程计算机的能力每年都在极大地增强。,0,0,[],[],1942ce627aa9283916436338bed704ff,./wfd_mp3\1942ce627aa9283916436338bed704ff.mp3
152,Eating fish twice a week is recommended for a healthy diet.,每周吃两次鱼是健康饮食的建议。,0,0,[],[],5ff13016953f97d5e68f580b54bc37e1,./wfd_mp3\5ff13016953f97d5e68f580b54bc37e1.mp3
153,Information technology has changed the way people study today.,信息技术改变了人们今天学习的方式。,0,0,[],[],9e0ae3233ecc7fb6da9de24f513d16c7,./wfd_mp3\9e0ae3233ecc7fb6da9de24f513d16c7.mp3
154,The library will stay open until midnight this week.,图书馆本周将一直开放到午夜。,0,0,[],[],7e17b0b96f628ab0b3968102068e2b85,./wfd_mp3\7e17b0b96f628ab0b3968102068e2b85.mp3
155,Two sides have disagreed on how to solve the problem.,双方在如何解决这个问题上意见不一。,0,0,[],[],200f7a7641da685840a19857c9cfa979,./wfd_mp3\200f7a7641da685840a19857c9cfa979.mp3
156,The very basic feature of computing would be counting and calculating.,计算机算法的最基本特征应该是计数与运算。,0,0,[],[],fd1af5a2e034ce0e19c8e79de41f4f44,./wfd_mp3\fd1af5a2e034ce0e19c8e79de41f4f44.mp3
157,Babies can distinguish between what is language and what is not.,婴儿能够区分什么是语言，什么不是语言。,0,0,[],[],6e0e5e576f09475b8a25fa0d38f4b9c8,./wfd_mp3\6e0e5e576f09475b8a25fa0d38f4b9c8.mp3
158,Psychologists say that what we have experienced influences our behaviors.,心理学家说，我们的经历会影响我们的行为。,0,0,[],[],3a98c5bb7d8a342aa06b091d3bb20508,./wfd_mp3\3a98c5bb7d8a342aa06b091d3bb20508.mp3
159,Many university lectures can now be viewed on the internet.,现在可以在网上观看许多大学的讲座。,0,0,[],[],4e2dc8b49b26a3965ac81334dd126ed3,./wfd_mp3\4e2dc8b49b26a3965ac81334dd126ed3.mp3
160,Urbanization provides the expenses of other communities.,城市化为其他社区的提供了经费。,0,0,[],[],b3b347cf35cf6482a8beef4cea8f3719,./wfd_mp3\b3b347cf35cf6482a8beef4cea8f3719.mp3
161,Students are required to have an undergraduate degree in Biology to be enrolled in this course.,修这门课的学生必须有生物学学士学位。,0,0,[],[],6d6701ebdae0536984cf8c588088fe46,./wfd_mp3\6d6701ebdae0536984cf8c588088fe46.mp3
162,Philosophy uses logic and reasons to analyze human experiences.,哲学用逻辑和理由来分析人类的经验。,0,0,[],[],ed31814b04d597f4293ce280faca6d06,./wfd_mp3\ed31814b04d597f4293ce280faca6d06.mp3
163,Field trips are an essential part of geography courses.,实地考察是地理课程的重要组成部分。,0,0,[],[],0409bc526356e3bd4722fc60f10cc62e,./wfd_mp3\0409bc526356e3bd4722fc60f10cc62e.mp3
164,Providers of higher education treat plagiarism extremely seriously.,高等教育机构对抄袭的态度极其严肃。,0,0,[],[],c33f75feeeebe83160cedfb1b2096c73,./wfd_mp3\c33f75feeeebe83160cedfb1b2096c73.mp3
165,Extracurricular activities can help students develop more talents.,课外活动可以帮助学生发展更多的才能。,0,0,[],[],b694c3e69a278e4727268eb0e4ba7307,./wfd_mp3\b694c3e69a278e4727268eb0e4ba7307.mp3
166,The government is funding a research study on the consequences of unemployment.,政府正在资助一项关于失业影响的研究。,0,0,[],[],45930f59b3409e57df340bcc164410db,./wfd_mp3\45930f59b3409e57df340bcc164410db.mp3
167,There are many different styles of business management.,商业管理有许多不同的风格。,0,0,[],[],4b42fd0bacb9e96a9bee44d473a1cc28,./wfd_mp3\4b42fd0bacb9e96a9bee44d473a1cc28.mp3
168,The digital camera has some advantages over traditional film.,数码相机比传统胶卷有一些优势。,0,0,[],[],6e0ed3784241c620335a98a0db13daf3,./wfd_mp3\6e0ed3784241c620335a98a0db13daf3.mp3
169,The university provides excellent leisure facilities for students and staff.,大学为学生和职员提供优质的休闲设施。,0,0,[],[],3ceb15cdbdee7dd0d07464752010d0b4,./wfd_mp3\3ceb15cdbdee7dd0d07464752010d0b4.mp3
170,The history of economics is a tricky subject to study.,经济学史是一门棘手的学科。,0,0,[],[],733a39ef1eb6b6c419902c434af48bf6,./wfd_mp3\733a39ef1eb6b6c419902c434af48bf6.mp3
171,Air pollution is a serious problem all over the world.,空气污染在全世界都是个严重的问题。,0,0,[],[],081d44bb1599af86567730c49245dc0e,./wfd_mp3\081d44bb1599af86567730c49245dc0e.mp3
172,Urban planning emphasizes efficiency and expansion of communities.,城市规划强调效率和社区的扩展。,0,0,[],[],436a365f33d125e256c9260fa40d0970,./wfd_mp3\436a365f33d125e256c9260fa40d0970.mp3
173,The course will start with the history of architecture.,这门课程将从建筑学的历史开始。,0,0,[],[],7c7d3c9e142b32ccc0e30e4efe985c49,./wfd_mp3\7c7d3c9e142b32ccc0e30e4efe985c49.mp3
174,Please note that the seminar has now been canceled.,请注意，研讨会现已取消。,0,0,[],[],fa6b12e3308b8d57432be4d51956ee59,./wfd_mp3\fa6b12e3308b8d57432be4d51956ee59.mp3
175,Scholarship applications must be handed in by the end of this month.,奖学金申请必须在这个月底之前交上来。,0,0,[],[],ff9e056ef1fd3c664803429cf85e73cd,./wfd_mp3\ff9e056ef1fd3c664803429cf85e73cd.mp3
176,Please return your reference books to the library shelves.,请把你的参考书归还到图书馆的书架上。,0,0,[],[],8ba9aaa39aaec0f0f83a83b205046f63,./wfd_mp3\8ba9aaa39aaec0f0f83a83b205046f63.mp3
177,Art and design is a competitive field to work in.,艺术设计是个具有竞争力的工作领域。,0,0,[],[],58da19e55dab6ef394a6225a383bcac7,./wfd_mp3\58da19e55dab6ef394a6225a383bcac7.mp3
178,Many diseases that were once serious have now been eradicated.,许多曾经严重的疾病现在已被根除。,0,0,[],[],f751c7d7098638b151588ad4562024e2,./wfd_mp3\f751c7d7098638b151588ad4562024e2.mp3
179,The urban geography degree includes the study of demography.,城市地理学位包括对人口统计学的研究。,0,0,[],[],720b0be3e25ee5721a8d1341deed4970,./wfd_mp3\720b0be3e25ee5721a8d1341deed4970.mp3
180,Nutrition plays a key role in athletic performance.,营养物质在运动表现中起着关键作用。,0,0,[],[],a39e2b0a84c4f96d376e7d744ae4a1d0,./wfd_mp3\a39e2b0a84c4f96d376e7d744ae4a1d0.mp3
181,Sugar is a solid carbohydrate which is always used to sweeten food.,糖是一种固体碳水化合物，常被用来使食物变甜。,0,0,[],[],00dafac8c8be3f76c88690f32eb7d336,./wfd_mp3\00dafac8c8be3f76c88690f32eb7d336.mp3
182,Our workshops are open to all students on campus.,我们的工作坊对校园里的所有学生开放。,0,0,[],[],09c93738699b6366e891ec05d78348ba,./wfd_mp3\09c93738699b6366e891ec05d78348ba.mp3
183,Reading histories involves a level of careful selection.,阅读历史书需要一定程度的仔细选择。,0,0,[],[],fefd71f6ce570bfebd6049f2a60b9371,./wfd_mp3\fefd71f6ce570bfebd6049f2a60b9371.mp3
184,Many universities provide exchange programs to other countries.,许多大学提供到其他国家的交换项目。,0,0,[],[],06ab01cda2f872fdf760dc9cd13c8958,./wfd_mp3\06ab01cda2f872fdf760dc9cd13c8958.mp3
185,The deadline for this assignment is next Wednesday.,这个作业的截止日期是下周三。,0,0,[],[],30599639366fbd50bfb54199677f9a11,./wfd_mp3\30599639366fbd50bfb54199677f9a11.mp3
186,City planners recognize the need for accessible public transport options.,城市规划者认识到无障碍公共交通的必要性。,0,0,[],[],9c2a337fd63685b5ebd6309b88339a94,./wfd_mp3\9c2a337fd63685b5ebd6309b88339a94.mp3
187,There are a variety of different ways to present statistical information.,有各种不同的方式来表示统计信息。,0,0,[],[],4142e7dfbc8bc25a35daa3aa669ecf82,./wfd_mp3\4142e7dfbc8bc25a35daa3aa669ecf82.mp3
188,The degree is taught by using a mixture of lectures and seminars.,该学位是通过讲座和研讨课的结合来教授的。,0,0,[],[],a96b775d3b2da50a45d8353d9d957aca,./wfd_mp3\a96b775d3b2da50a45d8353d9d957aca.mp3
189,The student magazine is looking for a new editor.,学生杂志正在找一位新编辑。,0,0,[],[],364f703230b50647c12662ddf6fdd544,./wfd_mp3\364f703230b50647c12662ddf6fdd544.mp3
190,Scholarships are available for both local and international students.,本地及国际学生均可获得奖学金。,0,0,[],[],be15e52de28d45ddca01f5fe1f225a6a,./wfd_mp3\be15e52de28d45ddca01f5fe1f225a6a.mp3
191,Libraries in many areas were closed due to the lack of funding.,许多地区的图书馆由于缺乏资金而关闭。,0,0,[],[],14565ffa31b6c1c9eb1b2f019338a2f8,./wfd_mp3\14565ffa31b6c1c9eb1b2f019338a2f8.mp3
192,Accommodation on campus is limited but there are more options nearby.,校园住宿有限，但附近有更多选择。,0,0,[],[],83813457aaf366caae5ba635af2c391d,./wfd_mp3\83813457aaf366caae5ba635af2c391d.mp3
193,All students have their own style of learning.,所有的学生都有自己的学习风格。,0,0,[],[],1562e3da6b8b47b5ea39ee44db403fb8,./wfd_mp3\1562e3da6b8b47b5ea39ee44db403fb8.mp3
194,This course can help to deepen your appreciation of art.,这门课程有助增强你对艺术的鉴赏力。,0,0,[],[],a09500a315fd51d12c3b3daa314e4543,./wfd_mp3\a09500a315fd51d12c3b3daa314e4543.mp3
195,The research shows that spending time outdoors has a range of benefits.,研究表明花时间在户外有一系列的好处。,0,0,[],[],3d5a2ae41b2cce0eb88298a0932c9952,./wfd_mp3\3d5a2ae41b2cce0eb88298a0932c9952.mp3
196,Career mobility is very important for new graduates.,职业流动性（能在不同工作之间转换的能力）对应届毕业生来说非常重要。,0,0,[],[],bf3a5239f35ee6086f5475dce3552a96,./wfd_mp3\bf3a5239f35ee6086f5475dce3552a96.mp3
197,The amount of time spent on configuration varies considerably.,花费在配置上的时间差别很大。,0,0,[],[],dab1d585868a9fbbbaa380ce1c443a02,./wfd_mp3\dab1d585868a9fbbbaa380ce1c443a02.mp3
198,Academic journals are usually edited by subject specialists.,学术期刊通常由学科专家编辑。,0,0,[],[],4a22dd47aadef338c7b9d379fcc640b5,./wfd_mp3\4a22dd47aadef338c7b9d379fcc640b5.mp3
199,Our company must have independent financial auditing.,我们公司必须有独立的财务审计。,0,0,[],[],88b1dc59bb47baf25af8198afe8eef3e,./wfd_mp3\88b1dc59bb47baf25af8198afe8eef3e.mp3
200,Please make sure your applications follow the guideline provided.,请确保您的申请符合所提供的标准。,0,0,[],[],a6f8313ab3c81e01ee5b54f7daa5999e,./wfd_mp3\a6f8313ab3c81e01ee5b54f7daa5999e.mp3
201,Understanding visual media has never been more challenging.,了解视觉媒体这件事从来没有像现在这样具有挑战性。,0,0,[],[],49e597e6c2f66bc49bded6a7e9e2e6fd,./wfd_mp3\49e597e6c2f66bc49bded6a7e9e2e6fd.mp3
202,An essay should use evidence from both primary and secondary sources.,一篇文章会使用一手资源和二手资源的论据。,0,0,[],[],3725fba67ec813371e447ce03b69da43,./wfd_mp3\3725fba67ec813371e447ce03b69da43.mp3
203,A surprisingly large number of students applied for that course.,申请那门课程的学生人数多得惊人。,0,0,[],[],30ec596c429273dd59d4f95cf4479fb0,./wfd_mp3\30ec596c429273dd59d4f95cf4479fb0.mp3
204,The university library holds a number of collections of geological maps.,大学图书馆收藏了许多地质图。,0,0,[],[],0f9073f881f9a3bf76808e9bca5283a8,./wfd_mp3\0f9073f881f9a3bf76808e9bca5283a8.mp3
205,Students are encouraged to read new books recommended by Professor Jones.,鼓励学生阅读琼斯教授推荐的新书。,0,0,[],[],761a6f9cbdf4ed396910bf192e8a8098,./wfd_mp3\761a6f9cbdf4ed396910bf192e8a8098.mp3
206,We hope students ignite and follow their interests.,我们希望学生点燃并追随他们的兴趣。,0,0,[],[],890c5c553fa7b4434eb0ad8d19e7e607,./wfd_mp3\890c5c553fa7b4434eb0ad8d19e7e607.mp3
207,Our company currently employs more than ten thousand people worldwide.,我们公司目前在全球拥有员工超过一万人。,0,0,[],[],178e8296fafd833c92dd2ce6fc25968c,./wfd_mp3\178e8296fafd833c92dd2ce6fc25968c.mp3
208,It is clear that the human population has an impact on the environment.,很明显，人口对环境有影响。,0,0,[],[],a494b4e57f00a2a276291b2a59b2c734,./wfd_mp3\a494b4e57f00a2a276291b2a59b2c734.mp3
209,It is an integrated course with several main elements.,这是一门由几个主要元素组成的综合性课程。,0,0,[],[],cf86b6c7596a6f9e3bdebc3865bb2093,./wfd_mp3\cf86b6c7596a6f9e3bdebc3865bb2093.mp3
210,The public is often misled by biased coverage.,公众经常被有偏见的报道所误导。,0,0,[],[],3e5fbf58fad112f4b96dc113f31475c0,./wfd_mp3\3e5fbf58fad112f4b96dc113f31475c0.mp3
211,The extent of advertising to children is very much open to debate.,广告对儿童的影响程度是很容易引起争论的。,0,0,[],[],d1651a4151dab8a0c756557e27a63204,./wfd_mp3\d1651a4151dab8a0c756557e27a63204.mp3
212,The renowned journalism will last for half of the century.,那个著名的新闻报道将持续半个世纪。,0,0,[],[],8115b55d2a2297dee24f56edb802b793,./wfd_mp3\8115b55d2a2297dee24f56edb802b793.mp3
213,The closing date of applications for travel scholarships is next Monday.,旅游奖学金的申请截止日期是下星期一。,0,0,[],[],9d5b8cd1a4980de5cc16a9191b598d77,./wfd_mp3\9d5b8cd1a4980de5cc16a9191b598d77.mp3
214,The university's main library will be open till midnight next Saturday.,大学的主图书馆将在下周六开放至午夜。,0,0,[],[],d7b44862e50adeee2e77c060db8ff72b,./wfd_mp3\d7b44862e50adeee2e77c060db8ff72b.mp3
215,The study of utilizing projects is funded by the university.,运用项目的研究由大学资助。,0,0,[],[],9df520979391e51f4d843ded0ee1a52b,./wfd_mp3\9df520979391e51f4d843ded0ee1a52b.mp3
216,We help students to develop their individualities and follow their interests.,我们帮助学生发展他们的个性，并遵循他们的兴趣。,0,0,[],[],79cc24443a1fca4053b1c9cfd68d2ac5,./wfd_mp3\79cc24443a1fca4053b1c9cfd68d2ac5.mp3
217,Many universities are continuously expanding the postgraduate education online learning resources.,许多高校都在不断扩大研究生教育的在线学习资源。,0,0,[],[],b33ca6875aac2358ad4ddb1a20da4a39,./wfd_mp3\b33ca6875aac2358ad4ddb1a20da4a39.mp3
218,Our aim is to transmit mathematics teaching in the classroom.,我们的目标是在课堂上进行数学教学。,0,0,[],[],9c9981e4132c2d817f6d073661b9d638,./wfd_mp3\9c9981e4132c2d817f6d073661b9d638.mp3
219,Experts said reading and listening to music can reduce stress.,专家说阅读和听音乐可以减轻压力。,0,0,[],[],9e0c19ec2a1c3fb0b272c3a8c5d5e712,./wfd_mp3\9e0c19ec2a1c3fb0b272c3a8c5d5e712.mp3
220,The night sky has always involved mystery and wonder.,夜空总是充满神秘和惊奇。,0,0,[],[],ccddac590a20c0634b7c4774d5576482,./wfd_mp3\ccddac590a20c0634b7c4774d5576482.mp3
221,Please refer to the guidelines for more information on setting goals.,有关设定目标的更多信息，请参阅指南。,0,0,[],[],974be1264968074222b12a3f38b62132,./wfd_mp3\974be1264968074222b12a3f38b62132.mp3
222,"The terms, illness and disease, are confusing despite clear differences.",尽管“病”和“疾病”有明显的区别，但这两个术语仍然令人困惑。,0,0,[],[],edc26b229e66e3b635874bbd1f87f559,./wfd_mp3\edc26b229e66e3b635874bbd1f87f559.mp3
223,Every living thing begins as a single cell.,所有生物都是从单个细胞开始的。,0,0,[],[],9ffeafb82976a0152dd365a02bf0bfb4,./wfd_mp3\9ffeafb82976a0152dd365a02bf0bfb4.mp3
224,These words recognized the excellence of the undergraduates’ research projects.,这些话肯定了本科生研究项目的优秀。,0,0,[],[],b18cd948d53496a60069d5eafcc4e82c,./wfd_mp3\b18cd948d53496a60069d5eafcc4e82c.mp3
225,"Before preparing food, please make sure to wash your hands.",在准备食物之前，请务必洗手。,0,0,[],[],491f983f6694766fc5e2f00a6c17be1d,./wfd_mp3\491f983f6694766fc5e2f00a6c17be1d.mp3
226,Technology is no longer a simple tool that we can control.,科技不再是我们可以控制的简单工具。,0,0,[],[],1006fc4f4db1de68b3f6bfbda8b3129d,./wfd_mp3\1006fc4f4db1de68b3f6bfbda8b3129d.mp3
227,The teaching staff are actively engaged in original research.,教职工积极从事原创性研究。,0,0,[],[],d375554838b3f2e29d8ec2bab479a251,./wfd_mp3\d375554838b3f2e29d8ec2bab479a251.mp3
228,There is no economic reason why public borrowing is necessarily bad.,没有经济原因可以解释为什么公共借贷一定是坏事。,0,0,[],[],5bb804bb99fcbe1694b2d2a55d0ac145,./wfd_mp3\5bb804bb99fcbe1694b2d2a55d0ac145.mp3
229,"For the purpose of research, data should be collected and analyzed.",为了达到研究目的，应该收集数据和分析数据。,0,0,[],[],de57ebc761f2f99cd74512f55547145f,./wfd_mp3\de57ebc761f2f99cd74512f55547145f.mp3
230,The deadline for the submission of this assignment is tomorrow.,交作业的最后期限是明天。,0,0,[],[],ad8b5acf9cf1cbd1ea3d7e1040cb60b7,./wfd_mp3\ad8b5acf9cf1cbd1ea3d7e1040cb60b7.mp3
231,We are phasing out disposable cups on campus.,我们正在校园里逐步淘汰一次性杯子。,0,0,[],[],2937634ea187628ed7bf460fec9984d3,./wfd_mp3\2937634ea187628ed7bf460fec9984d3.mp3
232,British students must study mathematics at secondary schools.,英国学生在中学必须学习数学。,0,0,[],[],1af4b215790d4bcb6d26b12b910a825d,./wfd_mp3\1af4b215790d4bcb6d26b12b910a825d.mp3
233,Companies’ projects must adapt to general data protection regulations.,公司的项目必须适应常规的数据保护规定。,0,0,[],[],dd5d254091e16f0737beae2ad3b31a81,./wfd_mp3\dd5d254091e16f0737beae2ad3b31a81.mp3
234,Our aim is to transform classical teaching in the classroom.,我们的目标是改造传统的课堂教学。,0,0,[],[],de73463dc8fd71afce23059d5708fc50,./wfd_mp3\de73463dc8fd71afce23059d5708fc50.mp3
235,He wrote poetry and plays as well as scientific papers.,他不仅写科学论文，还写诗歌和戏剧。,0,0,[],[],4c5d58dab3fa5e045671f2708e5e3392,./wfd_mp3\4c5d58dab3fa5e045671f2708e5e3392.mp3
236,You need to hand in an essay next semester.,你需要在下个学期交一篇论文。,0,0,[],[],9009c19d84157b72662172f5fc58efbe,./wfd_mp3\9009c19d84157b72662172f5fc58efbe.mp3
237,Scientific experiments should be repeated to verify the results.,应该重复科学实验来验证结果。,0,0,[],[],1ccd8b9f438605c788eb3ce42ef7703a,./wfd_mp3\1ccd8b9f438605c788eb3ce42ef7703a.mp3
238,We are more able to accommodate postgraduate students than previously possible.,我们比以前更有能力安顿研究生。,0,0,[],[],8bd38f9e69ff109ff164700b1104b89b,./wfd_mp3\8bd38f9e69ff109ff164700b1104b89b.mp3
239,Please click on the logo above to enter the site.,请点击上面的网站徽标进入网站。,0,0,[],[],c34729d1e788a86f5248ac88099e3f0a,./wfd_mp3\c34729d1e788a86f5248ac88099e3f0a.mp3
240,There are a wide variety of disciplines in the field of engineering.,在工程领域有各种各样的学科。,0,0,[],[],af93bc3ac696a8c49b108d01f6515683,./wfd_mp3\af93bc3ac696a8c49b108d01f6515683.mp3
241,These two regions are both areas of economic development.,这两个地区都是经济发展的地区。,0,0,[],[],33a14c3287e32a849126533221287e26,./wfd_mp3\33a14c3287e32a849126533221287e26.mp3
242,Parents are financially responsible for their children right up until they reach adulthood.,父母对他们的孩子负有经济责任，直到他们成年。,0,0,[],[],debad5fa3d534a19aff4b40e9316a95f,./wfd_mp3\debad5fa3d534a19aff4b40e9316a95f.mp3
243,More research is needed before any definitive conclusion can be drawn.,在得出任何明确的结论之前，还需要进行更多的研究。,0,0,[],[],3b6c929fb6f6c46c412488c630060f02,./wfd_mp3\3b6c929fb6f6c46c412488c630060f02.mp3
244,The untapped potential of using sunray is phenomenal.,利用太阳光的潜力是惊人的。,0,0,[],[],ca95b03317c294caccf601fcf999658e,./wfd_mp3\ca95b03317c294caccf601fcf999658e.mp3
245,Students are encouraged to think carefully about their accommodation needs.,我们鼓励学生仔细考虑他们的住宿需求。,0,0,[],[],b1a78232dfda69c2e04eb2668f6cbd6e,./wfd_mp3\b1a78232dfda69c2e04eb2668f6cbd6e.mp3
246,"This is a compulsory course, so make sure you attend.",这是必修课，所以你一定要参加。,0,0,[],[],1ce6e54f70d7dc7bd13a3c2f07b14cbe,./wfd_mp3\1ce6e54f70d7dc7bd13a3c2f07b14cbe.mp3
247,Lecture outlines are available on the college internal website.,课程大纲可在学院内部网站上查阅。,0,0,[],[],3bf252600cbb8d9f8e96da475b8f2ab3,./wfd_mp3\3bf252600cbb8d9f8e96da475b8f2ab3.mp3
248,There is an agreed consensus that leadership skills can be taught.,人们一致认为，领导技能是可以教授的。,0,0,[],[],198d16575fafd821b29e8e55880798f6,./wfd_mp3\198d16575fafd821b29e8e55880798f6.mp3
249,Optional tutorials are offered in the final week of the term.,选修辅导课在学期的最后一周提供。,0,0,[],[],169b05ecc07ff2f274473aa3188b8c49,./wfd_mp3\169b05ecc07ff2f274473aa3188b8c49.mp3
250,Banks charge interest on the money they lend to customers.,银行从借给客户的钱中收取利息。,0,0,[],[],d420b1fc875f5df36cd043f11cf4ef7d,./wfd_mp3\d420b1fc875f5df36cd043f11cf4ef7d.mp3
251,Practical experience is a vital part of legal training.,实践经验是法律培训的重要组成部分。,0,0,[],[],106dd00834a6ac301858d543a3877a16,./wfd_mp3\106dd00834a6ac301858d543a3877a16.mp3
252,Effective presenters make eye contact with the audience.,能带动观众的演讲者会与听众进行眼神交流。,0,0,[],[],dc4d4845dbf132bc3ee6835360df37e4,./wfd_mp3\dc4d4845dbf132bc3ee6835360df37e4.mp3
253,Recession triggers exciting creativity and high rates of public wisdom.,经济衰退激发了令人兴奋的创造力和高比例的公众智慧。,0,0,[],[],225c6852ded8171d7d55acfb45b2adfb,./wfd_mp3\225c6852ded8171d7d55acfb45b2adfb.mp3
254,Students will focus on reporting news on changing the media world.,学生将专注于报道改变媒体世界的新闻。,0,0,[],[],d485c82c2b54e3088d1a6a0ccec3fc97,./wfd_mp3\d485c82c2b54e3088d1a6a0ccec3fc97.mp3
255,The use of wind energy has increased rapidly.,风能的利用率已迅速增加。,0,0,[],[],971f49f384ad92ab2f6fe7cb151e3b85,./wfd_mp3\971f49f384ad92ab2f6fe7cb151e3b85.mp3
256,Globalization has been an overwhelming urbanization phenomenon.,全球化是一种势不可挡的城市化现象。,0,0,[],[],e71bd2611d02cab2eade404cd7fcf7da,./wfd_mp3\e71bd2611d02cab2eade404cd7fcf7da.mp3
257,"The other book isn't thorough, but it's more insightful.",另一本书不够详尽，但更有见地。,0,0,[],[],bba239b786e26fd222511fc4536cf7e7,./wfd_mp3\bba239b786e26fd222511fc4536cf7e7.mp3
258,Building trust is not something that can be achieved overnight.,建立信任不是一朝一夕就能实现的。,0,0,[],[],1775740e4ff61bfe8b39f65e99408f53,./wfd_mp3\1775740e4ff61bfe8b39f65e99408f53.mp3
259,The university will cease the colossal renovation of the faint empty theater.,这所大学将停止对那座昏暗的空剧院的大规模整修。,0,0,[],[],249bc1dcd9cdb363093ce987d479c412,./wfd_mp3\249bc1dcd9cdb363093ce987d479c412.mp3
260,A wide range of courses covered different aspects in this subject.,许多课程涵盖了这门学科的不同方面。,0,0,[],[],5d0a7003eb2381b7feb5a94078323129,./wfd_mp3\5d0a7003eb2381b7feb5a94078323129.mp3
261,Online courses enable people to improve their skills while employed.,在线课程使人们能够在就业时提高他们的技能。,0,0,[],[],891edcc4b9e92cc3c562dfb871950783,./wfd_mp3\891edcc4b9e92cc3c562dfb871950783.mp3
262,The university now faces a series of challenges of finance.,这所大学现在面临着一系列财务方面的挑战。,0,0,[],[],4d10973fec31d070bfb99b77a2ae7c86,./wfd_mp3\4d10973fec31d070bfb99b77a2ae7c86.mp3
263,The exam application system has been upgraded for professional exams.,针对专业考试我们升级了考试申请系统。,0,0,[],[],5798a387c10271444a735762d3fd1d03,./wfd_mp3\5798a387c10271444a735762d3fd1d03.mp3
264,New media have transcended traditional national boundaries.,新媒体超越了传统的国界。,0,0,[],[],322415d022663a5f6c48a7f965181826,./wfd_mp3\322415d022663a5f6c48a7f965181826.mp3
265,Please confirm that you have received the textbook.,请确认课本已经收到。,0,0,[],[],42e8ceff2ccad3dc59c08830a828df41,./wfd_mp3\42e8ceff2ccad3dc59c08830a828df41.mp3
266,The new lecture theater can accommodate a large number of students.,新的讲堂能容纳很多学生。,0,0,[],[],f88fd81be26c68bf9b1cb18240e0f1ed,./wfd_mp3\f88fd81be26c68bf9b1cb18240e0f1ed.mp3
267,All students can learn even though they have different speeds.,所有的学生都可以学习，即使他们有不同的速度。,0,0,[],[],805ef762587bb97e673f3f05f267ef7d,./wfd_mp3\805ef762587bb97e673f3f05f267ef7d.mp3
268,The marketing budget has been doubled since the beginning of the year.,营销预算自年初以来已经翻了一番。,0,0,[],[],607688124722e9c69b3de2aa3ab56c78,./wfd_mp3\607688124722e9c69b3de2aa3ab56c78.mp3
269,I will come back to this in a moment.,我稍后会回到这个问题上。,0,0,[],[],47406efd30901178c0e77338ebd97cfd,./wfd_mp3\47406efd30901178c0e77338ebd97cfd.mp3
270,The curriculum should be adjusted to the current development.,课程设置应适应当前的发展。,0,0,[],[],875f561a415248c3403dee0a4bea7763,./wfd_mp3\875f561a415248c3403dee0a4bea7763.mp3
271,The student shop sells a range of stationery.,学生商店出售各种文具。,0,0,[],[],37f0ff2ed9d65114ab6d93fb5af74364,./wfd_mp3\37f0ff2ed9d65114ab6d93fb5af74364.mp3
272,Let me give you an example to explain what I mean.,让我举个例子来解释我的意思。,0,0,[],[],491c86b48336c98ff472ee084bef006c,./wfd_mp3\491c86b48336c98ff472ee084bef006c.mp3
273,Tutors should set clear goals at the start of the class.,导师应该在课程开始时设定明确的目标。,0,0,[],[],3c6b1d63becdd9a8894681da63f2b664,./wfd_mp3\3c6b1d63becdd9a8894681da63f2b664.mp3
274,Courses on nutrition are growing in popularity every year.,营养课程每年都越来越受欢迎。,0,0,[],[],b077c951a08dcbd1e086ad946a617512,./wfd_mp3\b077c951a08dcbd1e086ad946a617512.mp3
275,"Strangely, people are simultaneously impressed by and skeptical about statistics.",奇怪的是，人们对统计数据既感到印象深刻又持怀疑态度。,0,0,[],[],bf59dce165575216ad216b6cba9ccb04,./wfd_mp3\bf59dce165575216ad216b6cba9ccb04.mp3
276,The timetable for the next term will be available next week.,下学期的课程表将于下周公布。,0,0,[],[],c600595b3bd861aee879ebd30913e606,./wfd_mp3\c600595b3bd861aee879ebd30913e606.mp3
277,"A demonstrated ability to write clear, correct, and concise English is obligatory.",具备清晰、准确和简洁的英语写作能力是必需的。,0,0,[],[],2620bc35b30120be8336d98d957f8926,./wfd_mp3\2620bc35b30120be8336d98d957f8926.mp3
278,"Most of the lectures begin punctually, so do not be late.",大多数的讲座都会准时开始，所以不要迟到。,0,0,[],[],1645d787ac1ea9d59752a2c46349887a,./wfd_mp3\1645d787ac1ea9d59752a2c46349887a.mp3
279,The stock market crash had repercussions throughout the world.,股市崩盘在全世界产生了影响。,0,0,[],[],1e1ca26f12bf1a176bc98b0d40022e5e,./wfd_mp3\1e1ca26f12bf1a176bc98b0d40022e5e.mp3
280,The student union hosts a variety of social events.,学生会举办各种各样的社交活动。,0,0,[],[],ec5adaa42dc22fa6a5a3493c598c3bc0,./wfd_mp3\ec5adaa42dc22fa6a5a3493c598c3bc0.mp3
281,Default designed packages are likely to be used for most computers.,大多数电脑都可能使用默认设计的包装。,0,0,[],[],570d8db3aa7c063bad1b78e2521e037e,./wfd_mp3\570d8db3aa7c063bad1b78e2521e037e.mp3
282,Some people believe that education should be free to everyone.,有些人认为教育应该对每个人免费。,0,0,[],[],77aa8defd3a94388b021320c027d1faf,./wfd_mp3\77aa8defd3a94388b021320c027d1faf.mp3
283,Formal conclusions could be established through rigorous experiments.,通过严格的实验可以得出正式的结论。,0,0,[],[],02a9c8a7f2743bb21e58ee1f3360bea9,./wfd_mp3\02a9c8a7f2743bb21e58ee1f3360bea9.mp3
284,Our faculty includes five libraries across the university.,我们学院在大学里有五间图书馆。,0,0,[],[],6ffbf32aacb60cd1fcfc7318a0361e6d,./wfd_mp3\6ffbf32aacb60cd1fcfc7318a0361e6d.mp3
285,The reception staff can give advice on renting private accommodation.,接待处的工作人员可以提供租用私人住所的建议。,0,0,[],[],1036cce63dbe3fbf1fd566b1298dced3,./wfd_mp3\1036cce63dbe3fbf1fd566b1298dced3.mp3
286,The library will be closed for staff training tomorrow morning.,图书馆将于明天上午闭馆进行员工培训。,0,0,[],[],3ee1b8675e68cea33befaddba526aa9a,./wfd_mp3\3ee1b8675e68cea33befaddba526aa9a.mp3
287,Too much information may have been avoided by the group research design.,小组研究设计可能避免了太多的信息。,0,0,[],[],2c2a526cda3c7b3c4af6ce7edb715d53,./wfd_mp3\2c2a526cda3c7b3c4af6ce7edb715d53.mp3
288,Critical thinking is an essential component of a broad education.,批判性思维是广泛教育的重要组成部分。,0,0,[],[],b0901b223131eb103621fb113b101b70,./wfd_mp3\b0901b223131eb103621fb113b101b70.mp3
289,You are allowed to use multiple devices in the examination.,你可以在考试中使用多种设备。,0,0,[],[],9b875d179546d0b75464e00bf44ea948,./wfd_mp3\9b875d179546d0b75464e00bf44ea948.mp3
290,The English degree involves work placements in the third year.,英语学位在第三年安排实习。,0,0,[],[],e4804bd70ab448f5c9fa0d313eaf5dc7,./wfd_mp3\e4804bd70ab448f5c9fa0d313eaf5dc7.mp3
291,Technologies have enormously transformed the lifestyle of the majority.,科技极大地改变了大多数人的生活方式。,0,0,[],[],ee48b2c522e3fe27c0c4ba0a7e0e7897,./wfd_mp3\ee48b2c522e3fe27c0c4ba0a7e0e7897.mp3
292,A regional assembly was moved to the devolution of power.,地方议会被转移到权力下放。,0,0,[],[],865cf2e7056fac22730a2073fe3e50ea,./wfd_mp3\865cf2e7056fac22730a2073fe3e50ea.mp3
293,The deadline for the scientific assignment will be extended.,科学作业的截止日期将会延长。,0,0,[],[],db92c66b212b27ae379d073bbf38fa21,./wfd_mp3\db92c66b212b27ae379d073bbf38fa21.mp3
294,Scientists recognize different ice types according to the water molecule content.,科学家们根据水分子的含量来识别不同类型的冰。,0,0,[],[],55ef70bcf9bf5da5c2eee108439cd979,./wfd_mp3\55ef70bcf9bf5da5c2eee108439cd979.mp3
295,Having a strong motivation is important to achieve your goals.,有一个强大的动力对实现你的目标很重要。,0,0,[],[],8afed9a1322799a01c6a91420d032bfd,./wfd_mp3\8afed9a1322799a01c6a91420d032bfd.mp3
296,It is interesting to observe the development of the language skills of toddlers.,观察幼儿语言技能的发展是很有趣的。,0,0,[],[],4cd0ba6546410efae15f8267e5462eb1,./wfd_mp3\4cd0ba6546410efae15f8267e5462eb1.mp3
297,Most teaching staff make their lecture notes available online.,大多数教师在网上提供他们的课堂笔记。,0,0,[],[],11d8738dfca56de995d62cb3552baaa1,./wfd_mp3\11d8738dfca56de995d62cb3552baaa1.mp3
298,Children start producing words before they are able to walk.,孩子们在会走路之前就开始说话了。,0,0,[],[],c64eb2f8f0c20afcc3cdf81865c718ba,./wfd_mp3\c64eb2f8f0c20afcc3cdf81865c718ba.mp3
299,The skills of a great stage actor cannot be taught.,伟大的舞台演员的技巧是教不来的。,0,0,[],[],a6c883caa3b53964d076bbd6ef832134,./wfd_mp3\a6c883caa3b53964d076bbd6ef832134.mp3
300,The jobs tomorrow will require higher skill levels.,未来的工作将需要更高的技能水平。,0,0,[],[],7faccb5886031d44ed6b59f2f84b8ba3,./wfd_mp3\7faccb5886031d44ed6b59f2f84b8ba3.mp3
301,The goal of the government is to increase the investments.,政府的目标是增加投资。,0,0,[],[],5530f4240377f952ab5321c3774fda28,./wfd_mp3\5530f4240377f952ab5321c3774fda28.mp3
302,Social media is responsible for helping the government to solve social problems.,社交媒体有责任帮助政府解决社会问题。,0,0,[],[],375d70b0d45eb3128010f14d564fcf88,./wfd_mp3\375d70b0d45eb3128010f14d564fcf88.mp3
303,The university library has a collection of early geography maps.,大学图书馆收藏了早期的地理地图。,0,0,[],[],4fa4a676dc4bfb74e2a9c12f3fd34aad,./wfd_mp3\4fa4a676dc4bfb74e2a9c12f3fd34aad.mp3
304,Courses are assessed by group work and individual assignments.,课程通过小组作业和个人作业进行评估。,0,0,[],[],2d513eeeee35f289a92cbb5dc6011d72,./wfd_mp3\2d513eeeee35f289a92cbb5dc6011d72.mp3
305,Online courses allow students to work at their own pace.,在线课程允许学生按照自己的节奏学习。,0,0,[],[],6b5423c02b347abf6e871292244d80d3,./wfd_mp3\6b5423c02b347abf6e871292244d80d3.mp3
306,The academic department needs to be supported by the government.,学术部门需要由政府提供支持。,0,0,[],[],4015c86f2351fac0242de8fbbaeb2eae,./wfd_mp3\4015c86f2351fac0242de8fbbaeb2eae.mp3
307,Businesses must adapt to the general data protection regulations.,企业必须适应通用数据保护法规。,0,0,[],[],4b677b17b70dfa9e1705a12b5dd908a3,./wfd_mp3\4b677b17b70dfa9e1705a12b5dd908a3.mp3
308,"When sentencing, the court will consider whether the criminal is guilty or not.",在宣判时，法院将考虑罪犯是否有罪。,0,0,[],[],a504a78825204f27beb1f3dcb47b4ccd,./wfd_mp3\a504a78825204f27beb1f3dcb47b4ccd.mp3
309,The internet has transformed the nature of publishing.,互联网改变了出版业的本质。,0,0,[],[],8962afee3a094a963ade6a84f9bf3060,./wfd_mp3\8962afee3a094a963ade6a84f9bf3060.mp3
310,More research is required in the field of food science.,在食品科学领域需要进行更多的研究。,0,0,[],[],417e03e15d19380e3ea5c13067d04168,./wfd_mp3\417e03e15d19380e3ea5c13067d04168.mp3
311,Many important policies need to be made.,需要制定许多重要的政策。,0,0,[],[],0066006124ef4f188c6b48d49d9d95a9,./wfd_mp3\0066006124ef4f188c6b48d49d9d95a9.mp3
312,The academic tradition of the school ensures excellence.,学校的学术传统保证了卓越。,0,0,[],[],33f1da208bc945f1db47808120fdcc1b,./wfd_mp3\33f1da208bc945f1db47808120fdcc1b.mp3
313,The scientists found most of the studies today.,科学家们创立了目前大部分的研究。,0,0,[],[],0ed622aa798a84bda9efda30c1906109,./wfd_mp3\0ed622aa798a84bda9efda30c1906109.mp3
314,"For the small business, making profit is the main priority.",对于小企业来说，盈利是首要任务。,0,0,[],[],b6ec89dbce937d6e955fd1afad794078,./wfd_mp3\b6ec89dbce937d6e955fd1afad794078.mp3
315,Agriculture development is vital for poor rural areas.,农业发展对贫困农村地区至关重要。,0,0,[],[],84282abb4dbfa1687561e0f37ec9cde8,./wfd_mp3\84282abb4dbfa1687561e0f37ec9cde8.mp3
316,The new research has produced some unexpected results.,这项新研究产生了一些意想不到的结果。,0,0,[],[],c7a9e2e542158efb2e5a2e4c3893e248,./wfd_mp3\c7a9e2e542158efb2e5a2e4c3893e248.mp3
